Regulon,Size,NES,p.value,FDR,TF
PSD2,139,-4.43,9.47e-6,0.00552,PSD2
NTSR2,38,-4.41,1.03e-5,0.00552,NTSR2
PTPRD,354,4.35,1.34e-5,0.00596,PTPRD
RAB32,334,4.51,6.46e-6,0.00552,RAB32
